{"a": 1912.5167862722196, "b": -873.6576937382742, "c": 115.01906015288138, "d": 27.023568780964677, "e": 13.000086584703581, "f": 1.975495697026086, "g": 0.04627770566686711, "C": -180412.70148748776, "class": "GF3Interpolation", "datapath": "data.npy", "version": "2.1.0.dev0+e597e1a"}