{"a": 1832.7253313222666, "b": -837.1862079891832, "c": 110.21546904427744, "d": 26.34593307850732, "e": 12.673569227456255, "f": 1.9257877867955449, "g": 0.04649075051262104, "C": -174220.21564406378, "class": "GF3Interpolation", "datapath": "data.npy", "version": "2.0.0.dev0+97d7f77"}