{"a": 1977.3229381989304, "b": -903.2819656920414, "c": 118.9210387285801, "d": 27.5256367242925, "e": 13.242100145262098, "f": 2.0123545093620274, "g": 0.04609406846110892, "C": -186663.4699642061, "class": "GF3Interpolation", "datapath": "data.npy", "version": "2.0.0.dev0+53d99ca"}