{"a": 3376.5008936958384, "b": -1493.1874519394726, "c": 191.71921232520734, "d": 140152.4380991487, "e": 74334.51482837716, "f": 12451.130085390108, "g": 0.029685855448084796, "C": -7798001.635313643, "class": "GF3Interpolation", "datapath": "data.npy", "version": "2.1.0.dev0+e597e1a"}