{"a": 3382.8518693828005, "b": -1495.9964667692175, "c": 192.07997150669877, "d": 140624.260181481, "e": 74585.13090404356, "f": 12493.128857631302, "g": 0.02967828818679739, "C": -7824269.515970584, "class": "GF3Interpolation", "datapath": "data.npy", "version": "2.0.0.dev0+97d7f77"}