{"a": 1.2479561237547545, "b": -0.5182794050823712, "c": 0.06251714611323819, "d": 6.87127300319619, "e": -1.093723056815854, "f": 0.3599208842596105, "g": 19.868128977152598, "C": -16.454982789610135, "class": "GF3Interpolation", "datapath": "data.npy", "version": "2.0.0.dev0+b7d23b4"}