{"a": 1.247955965206567, "b": -0.5182794194324851, "c": 0.06251714939697631, "d": 6.871272362967072, "e": -1.0937229156009562, "f": 0.3599208554629189, "g": 19.866530437994008, "C": -16.454997531466567, "class": "GF3Interpolation", "datapath": "data.npy", "version": "2.0.0.dev0+97d7f77"}