{"a": 1.3356281001089534, "b": -0.4984949561949751, "c": 0.06029625335307782, "d": 8.824910425040887, "e": -1.8230329221568, "f": 0.6205331870423163, "g": 578.6407105015943, "C": -15.702078987338433, "class": "GF3Interpolation", "datapath": "data.npy", "version": "2.1.0.dev0+e597e1a"}