{"a": 1.2479561104000327, "b": -0.5182794099512762, "c": 0.06251714681216382, "d": 6.871272897241413, "e": -1.093722920960618, "f": 0.3599208149126322, "g": 19.858856500778625, "C": -16.454984753304178, "class": "GF3Interpolation", "datapath": "data.npy", "version": "2.1.0.dev0+e597e1a"}