{"a": 1.3259633520775596, "b": -0.5516199610923811, "c": 0.06967238714928106, "d": 0.7158357705605654, "e": 0.20219139541083764, "f": 0.021443783019649765, "g": 0.8997605298098108, "C": -43.22672086187692, "class": "GF3Interpolation", "datapath": "data.npy", "version": "2.1.0.dev0+e597e1a"}