{"a": 1.325069662051051, "b": -0.5511488446876398, "c": 0.06960981263699521, "d": 0.7175448642859309, "e": 0.2027257218725956, "f": 0.02149746838684706, "g": 0.9052605607512572, "C": -42.99295060609724, "class": "GF3Interpolation", "datapath": "data.npy", "version": "2.0.0.dev0+b7d23b4"}