{"a": 1.3258953531744708, "b": -0.5515842005074615, "c": 0.06966763889840388, "d": 0.7159645756596454, "e": 0.2022312559437483, "f": 0.021447811190640424, "g": 0.9001603414513256, "C": -43.209383459659364, "class": "GF3Interpolation", "datapath": "data.npy", "version": "2.0.0.dev0+97d7f77"}