{"a": 1.245134778625584, "b": -0.5179773411120406, "c": 0.06191950486918984, "d": 3.7341541628711323, "e": -0.5261279784543762, "f": 0.29079429838875653, "g": 228.14433767341535, "C": -17.24641359060997, "class": "GF3Interpolation", "datapath": "data.npy", "version": "2.1.0.dev0+e597e1a"}