{"a": 1.2451347493376692, "b": -0.5179773310843642, "c": 0.061919503790926575, "d": 3.734153389772703, "e": -0.5261277838012361, "f": 0.29079424957578476, "g": 177.90688045338624, "C": -17.246414241504546, "class": "GF3Interpolation", "datapath": "data.npy", "version": "2.0.0.dev0+b7d23b4"}