{"a": 1.335628243982607, "b": -0.4984949709937624, "c": 0.060296253987971844, "d": 8.824905343881209, "e": -1.8230316114024745, "f": 0.620532848795754, "g": 161.67870901340865, "C": -15.702074297127549, "class": "GF3Interpolation", "datapath": "data.npy", "version": "2.0.0.dev0+53d99ca"}